9.59440303,-30.33995167,-9.56393401,6.15036831,7.00784623,-18.54147814,-6.06948694,28.25815247,11.01618425,-21.03946531,20.47675724,21.32716639,4.72543396
9.51383834,-29.91598995,-15.53265741,-1.93965888,13.87827562,-15.64467646,6.49725644,14.03848640,1.67791883,-12.48802890,29.35517760,22.27276737,0.21362916
9.51410643,-29.76027936,-14.61218821,2.90396861,17.54226247,-2.90242639,6.31697484,24.73986223,4.85933041,-11.55529976,26.02439054,4.79448020,-4.97069797
9.50945839,-27.47404613,-14.51327928,2.90576280,22.54599879,-7.73772718,13.51854429,20.02106768,8.07986129,-19.01865644,12.33273526,0.79677928,-8.49600279
9.51468516,-27.90430669,-9.55193094,2.15610532,14.98687007,-5.68669532,4.34786816,14.54048376,-3.76572804,-25.08705725,16.95009382,20.88510065,-4.94203844
9.51001351,-30.55746125,-14.73778807,3.23627159,17.79237253,-13.46336260,6.60918311,22.12644817,10.55581627,-4.98537729,37.25569271,20.24679341,-3.83790270
9.56144586,-30.17954213,-17.65816878,-4.42302495,1.12579792,-2.51559715,11.96347287,22.93138395,5.83083675,-6.93954235,30.78958183,27.15934452,-4.22430768
10.21950447,-23.79983108,-24.67865831,-18.19635497,-12.82785006,13.12107478,19.74284570,-1.26194360,-9.33217000,13.00908845,8.12727833,4.31333319,14.60783032
9.65863937,-23.77856580,-14.59204970,-4.15671931,-8.16906987,2.93794847,8.39328362,11.71214762,4.81802360,21.73438611,-1.33006420,1.21698105,18.05064475
9.62240227,-24.57655231,-14.15441012,-5.01413561,-7.27007154,7.40089894,8.53069136,-2.81384727,0.55523985,23.41334264,-2.87442850,5.76089100,8.10624012
9.71400943,-24.56333133,-13.33315793,-9.70500999,-8.55706134,16.30762630,14.46061867,-2.53129922,2.23057356,22.89170208,5.36976704,8.59163223,2.04574639
9.55240973,-24.70166752,-12.40314870,-6.53776049,-0.68688741,8.00309672,9.21017904,-2.02555409,-0.38973113,4.21951286,-9.98257802,9.15752389,23.16752952
9.56229784,-23.99260419,-16.09136496,-14.04132867,-13.99773847,4.66673145,3.62834260,0.12500015,-7.80808387,6.42169894,-1.43286744,16.97989677,25.08137487
9.68558826,-25.49093547,-14.33137420,-5.83968772,-13.07726987,8.16916852,6.23094362,10.24245817,6.62930044,-4.03217659,2.52879633,10.19628382,14.30627305
9.68400710,-24.34760518,-14.89714723,-12.37533013,-17.26134028,7.07664521,15.19512857,4.77547967,7.34579285,-6.69532628,-5.11786622,5.08957236,10.04835782
9.80999370,-24.88571895,-8.97027722,-11.72995696,-18.21705942,-5.90262420,2.85463579,2.17425221,14.39958709,5.07575497,-9.22410864,15.83289774,23.39525470
9.73174205,-25.57160233,-13.50157467,-10.25694937,-3.82769293,-1.15323841,10.97292298,5.90249636,20.98724954,23.94238726,-15.55409193,4.88793918,13.70631478
9.81905077,-26.44102740,-12.78670981,-7.21693403,-12.56559842,0.23571578,4.95820886,4.39099335,2.80528443,-4.09737694,-18.97259302,-4.30362509,23.08620902
9.70903757,-26.70774427,-10.44514146,-3.45252354,-9.61288830,0.31681390,9.79287141,8.39425594,5.50407348,-1.09652438,-11.81244754,1.28403923,25.21453775
9.92431508,-30.39859715,-14.44355826,-4.82065008,-3.61641954,5.44508318,13.63196931,-9.91379642,8.52342346,13.11833178,1.40047957,-4.92870812,20.92653205
9.74863152,-26.56374913,-16.88744278,-5.32312970,-1.18987739,3.82293493,-0.66776353,-18.92827465,12.21058385,8.06631024,3.62556285,2.24943239,22.13049964
9.82582508,-26.67542953,-13.81946221,-5.94464202,-16.91937333,-0.67815069,-2.87481839,-5.96339186,6.58250981,20.23373489,-6.19045278,14.97278119,20.42327346
9.73387113,-23.91138077,-13.42901896,-9.60790154,-8.35169588,-7.56984334,-8.28770891,-1.19256639,8.38084050,2.13914570,-14.52332962,6.56443947,13.30076805
9.69559909,-27.06415630,-11.06555333,-5.45378801,-13.20481218,0.45768294,8.02312071,-2.65309728,6.06278886,7.68513530,-0.04106939,8.74330221,8.03426600
9.46699750,-22.31018443,-17.01899119,-8.88917981,-14.13419423,-3.99432050,10.54422184,12.10346228,12.20700101,-0.57036755,0.64751144,4.01484564,7.94206300
10.34785239,-28.71843635,-15.06461699,-5.65951158,-9.64890200,-0.63214289,3.84085197,-0.15239562,3.98246521,16.08777622,3.48388537,-2.99544581,14.29994746
10.28792064,-26.96639660,-19.29040408,-6.90505958,-14.91876550,-7.47953327,5.32464651,0.80979877,20.08679863,8.98587832,-12.79156095,-0.17129838,15.61008120
9.88443754,-22.70844584,-10.82361704,-7.16223238,-9.34822876,-3.18180467,-3.59647971,-7.45798561,9.05865425,6.42857210,-18.54812713,-8.48942832,7.22381771
10.20961469,-27.00634221,-20.50325045,-17.82214631,-17.26671844,3.72309642,7.30936521,-7.61319322,10.73626047,3.38636002,1.92513008,-7.33230953,15.74057826
10.29641900,-28.46617058,-13.11780381,-12.27757789,-17.10883056,8.20912806,7.90945156,-7.61573883,4.53454852,10.17437552,-3.53272884,-1.58270435,13.42893757
10.33183590,-26.34698354,-12.51969469,-7.32813403,-18.21361270,8.17069820,3.08267981,-2.58719856,-2.85422375,11.09333431,-10.60145238,1.34930607,11.73215626
10.33006105,-25.39885411,-10.58822775,-3.36418946,-20.35036490,-7.31022853,-1.37855521,-3.91582963,-6.16016330,13.94758990,-8.17213836,7.89785463,19.69661025
10.16663783,-25.53700043,-14.63672566,-5.69505967,-8.46417888,-3.46937082,-2.10466559,-10.56269737,-3.64171193,3.10145667,-17.74343510,-2.39016150,7.61813125
10.32744161,-26.94478567,-19.81657210,-13.56414033,-19.58391171,-1.71125890,1.16874213,-3.93508714,3.67147731,16.48854874,1.18104949,9.03097849,15.59776419
10.21884639,-23.12732621,-19.64950538,-17.00035985,-18.30096749,-10.14280836,6.39657010,0.42394819,2.79746963,17.78802712,-0.88639058,7.12312992,20.56106665
10.26093927,-24.66604282,-18.22991612,-12.58617390,-16.36441387,-7.29419454,0.46010214,4.70487739,2.38164203,12.97806881,-13.04870924,9.02572407,13.48489541
10.16912701,-24.93496252,-16.79413560,-11.68576611,-16.06505152,-0.09096338,12.11968728,-5.33283915,1.13208488,4.22957522,-20.52169657,5.21702751,9.13680388
10.33774300,-25.03560464,-20.65149248,-18.13411396,-18.64938920,4.27618933,6.49739324,-5.69323895,0.84501935,0.72454806,-6.19901608,2.71774853,15.60193936
10.27892414,-23.43352197,-16.03885739,-14.82329492,-15.63000914,-8.02718304,4.99935354,-7.55674878,-5.63718862,0.23836550,-16.64227217,-1.85284820,12.92323378
10.31485586,-24.31223518,-13.75048713,-8.29637873,-19.60196491,-12.85204140,-7.12627011,-13.39140927,4.53004597,6.99192863,-9.30904192,4.13154899,24.43112531
10.36880836,-23.69720145,-11.95875699,5.61863817,-13.01873521,-19.06031713,-8.43155968,-13.13799366,9.78878534,12.02458936,-6.97636901,4.57406975,9.93766202
10.33448238,-27.66882441,-19.69164354,-4.58816769,-12.98309075,-5.71214633,3.61497729,-12.62632584,23.32702486,30.43000897,-3.64421319,9.01983223,6.57720511
10.34126112,-24.73918937,-21.11359753,-8.61234581,-6.92833907,-3.90555939,-1.67354456,-17.31218616,7.10480185,2.05359389,-18.33490620,9.96013349,21.20910737
10.34503586,-24.11245396,-22.43622985,-8.72533980,-7.34041164,-7.10253455,6.89585653,-3.85481461,7.09597200,2.00182342,-14.36272437,6.60721975,15.66486810
10.29698583,-24.52898399,-18.61266714,-12.79836898,-17.24298967,-17.23870813,5.71408550,-1.88345763,-9.01635418,0.12534882,-15.98881067,9.62196971,20.26606711
10.42132948,-28.11535028,-16.79548173,-10.97390588,-22.73094027,-8.40032945,12.27360823,-2.04839975,9.12999775,11.78824882,-5.88931012,6.57587768,16.61157740
10.35341185,-26.33996289,-19.19592795,-8.84288434,-12.61593963,-3.92106532,-1.42379502,-18.81137896,-3.45863323,1.83193991,-12.55251959,-3.76407987,22.31004825
10.49998906,-28.76884243,-23.33568695,-12.44428872,-12.74623467,-7.66827994,6.63885681,2.65406692,11.58084726,10.23721808,-10.37131415,-0.41685607,18.79233581
10.19408407,-24.56587973,-18.12726738,-13.89052707,-14.66637532,-11.12224254,13.97370372,2.06356326,1.15154473,-1.50210677,-11.13249085,5.43239729,20.27265833
10.29272478,-24.68399056,-20.04038518,-10.71718780,-21.13854789,-0.32773601,7.04210464,1.74231649,4.41772562,10.70650927,-8.74963226,6.74449527,8.51578081
10.41058423,-25.02884865,-14.08299327,-4.60712021,-16.53296819,-7.03322703,-5.95487125,-6.02790122,3.72162469,8.32199667,-14.21769636,7.42984372,8.10075577
10.41884679,-28.36498662,-18.85430434,-12.33029612,-22.16488717,-1.10715099,8.06131333,0.68996361,6.47523103,9.30843191,-2.10256554,14.29260178,24.12616102
10.23887364,-26.45173657,-16.11117662,-2.21587124,-15.14369052,-8.76646806,-5.27955425,-14.41564590,-1.83276437,2.56340366,3.37810386,14.10738043,17.30402636
10.40691874,-26.03284450,-17.73899103,1.17697269,-11.20340530,-10.90006602,-9.78756831,-14.05067256,-1.38962728,3.20673785,-4.18316282,8.16523900,13.36856259
10.52851540,-27.51309361,-16.65926525,-7.77045921,-13.74098648,-8.93331529,0.82876704,2.34812403,4.37077411,6.86590063,-15.28363351,4.23358867,11.64873614
10.60807768,-28.31286398,-22.06625609,-14.69788157,-22.61244131,-1.93499251,-5.57973368,5.71279903,7.91511683,13.62023963,-7.66047135,1.43779850,17.12668004
10.35767370,-25.58445861,-17.42421356,-10.48339863,-14.84950783,-7.65420638,0.34178398,-10.62457974,-10.84248879,10.16596223,-7.90501156,6.13741442,9.93043107
10.15227956,-25.88915728,-15.72195266,-14.50685570,-14.66065200,-4.22203914,2.42358847,2.67750346,6.23152464,-1.33747462,-21.57713715,3.77060759,21.96764962
10.30804148,-27.20732799,-23.19577095,-15.31398979,-13.84722400,-1.04850132,9.03718992,-4.32674975,-5.04124988,6.66645350,-22.87034034,14.73365533,16.72247882
10.20385108,-23.19788588,-11.66410165,-10.09344377,-18.37557825,-11.93360121,0.87396562,2.92433137,-8.00000153,-2.03350275,-20.26500470,-1.12938556,13.05897047
10.37844451,-25.57585032,-15.01230034,-12.00922428,-21.46125096,-10.42852275,8.46646111,10.04037090,8.06434421,13.96330910,-11.58576984,-4.66557929,4.82033046
10.31854869,-26.32232120,-13.68029402,-7.71777993,-18.89774425,-3.42173718,0.16097443,-7.83916966,-2.24748383,11.48591952,-0.46522229,8.83423584,15.10292538
10.14591386,-24.67121133,-17.00069067,-14.24818206,-20.94845964,-6.75802725,2.73272328,8.70758425,-1.16948224,8.52174715,-15.69587366,5.52922974,18.67260120
10.30455942,-33.77227275,-24.87945974,-11.69678727,-15.99799811,0.14380405,10.39462930,8.17789733,-7.47682067,5.52096601,-2.54314444,13.02177237,24.25494436
10.40864306,-24.72624329,-16.92576236,-8.16850421,-19.28278374,2.25821770,2.77705466,-10.83637409,5.54949471,10.84800927,-4.82049177,10.30061485,10.31242236
10.34510706,-27.99513370,-18.24714622,-4.90567271,-19.23496915,-10.58038844,0.71528422,-2.97757450,0.56409538,21.07591018,-1.75475244,13.91917904,17.93321281
10.49553172,-30.37514778,-10.38057389,-2.96344905,-14.00051192,-1.85317761,1.74463614,4.70673659,3.65624133,8.90774349,-8.30409012,-6.05309323,-1.17047476
10.50581720,-26.22171239,-17.29298963,-5.47701969,-19.43658832,-9.82615664,11.57678885,1.28661569,1.91268824,-2.31040398,-8.53966174,-0.21621704,14.37777283
10.24040563,-23.03205795,-19.69991517,-10.44380922,-14.41884183,-7.49694419,6.69177793,-10.85406114,-10.98697201,-3.62950941,-8.06315662,6.61409201,15.01108861
10.44421049,-26.55541084,-16.27844430,-9.20858669,-17.94554033,-10.75442265,20.12615469,4.73742162,-2.85360211,-2.71482045,-15.21450124,1.62920220,13.14542042
10.54901344,-26.51562200,-19.37380935,-5.83173299,-16.58747347,-3.25586508,15.45640881,3.57063189,11.92762857,7.88474531,-16.13159246,-6.19139353,8.40426380
10.30534194,-23.54918434,-15.21595691,-8.90618762,-21.46168499,-11.72331670,11.03560083,-3.29261467,10.39081141,-7.90777118,-10.93248041,-0.35651995,11.99524015
10.47395811,-25.50366407,-14.85615983,-10.72932731,-24.72975794,-9.47729810,2.33291706,0.30092804,9.41126249,-7.59254840,-12.14682673,6.13765044,15.99951743
10.59684959,-28.69269713,-14.14184067,-7.74349128,-22.15133259,-6.12588554,6.60798949,-2.67728357,11.50143381,14.16811475,-2.83655806,2.97775533,1.21036297
10.30860915,-24.15935715,-16.75691484,-15.41608348,-26.84014442,-12.78213259,22.65532891,-9.80364431,3.12967197,10.93297195,-4.11595959,6.68371703,12.82942497
10.17803107,-29.36942101,-19.73637679,-11.36819498,-19.21396496,-0.07116586,15.65217021,10.69835221,8.58291209,32.10375099,3.54911803,-1.72338262,5.17487802
10.17784857,-25.17761926,-23.70476624,-8.96836138,-18.24586885,-9.44298538,-1.65581842,-5.76371128,-2.49990183,16.22364336,5.72563174,14.60788174,24.11176057
10.36658877,-26.04753483,-17.47935234,-11.98151609,-16.12099460,-3.70331136,3.10433379,-6.78337929,8.70107288,10.80704795,5.20606763,8.14944170,12.71307523
10.52131440,-26.57184368,-9.65386896,-9.14508831,-21.99535616,-11.25807097,-4.27718974,0.56845501,9.48354294,19.62754742,-5.98164783,10.06222578,7.31736069
12.71169348,-33.09099643,-18.94308199,-7.34345329,-31.75256206,-25.69414547,6.06417105,-12.89076934,2.66457851,18.85742939,-14.24740122,18.23877735,-3.58930456
11.52055770,-29.16983920,-13.45163011,-13.03339189,-29.74021622,-6.74029848,7.65827596,-8.19405952,12.25524875,4.46624419,-25.57745883,16.15549467,-6.90929939
10.94442870,-29.18950753,-11.34302366,-16.40289613,-18.73688415,-5.95555771,2.05445136,-3.35216967,4.73624653,16.21370198,-19.68229340,21.40480994,4.50417476
11.59387467,-26.15329462,-4.35575973,-10.73122896,-5.55585889,-13.15900248,-17.07953138,-4.48377562,-5.35080958,13.24062603,-20.61256292,20.13022006,-13.92081870
13.55947243,-16.56474758,23.52350955,-19.68849802,-32.25939217,-32.47769602,-21.22673599,-7.72487878,-19.88941300,11.07509649,-23.07025441,14.11181177,-15.32326302
15.50715491,-18.68602799,26.10610720,-28.71338526,-46.53948801,-23.02433790,-38.79510534,-19.10811482,-34.04939586,-10.06802409,-34.52017642,25.46719700,-25.33856872
16.00234994,-18.73133234,28.11899776,-26.07148601,-57.40239149,-4.83221728,-39.22773207,-19.82455725,-33.89267492,-0.14190842,-34.27808576,13.65414912,-13.40293337
16.91063256,-19.97791121,26.94940335,-23.17491446,-59.76056997,-9.17387159,-41.55537445,-19.68760527,-28.74152594,-4.93263812,-32.75680779,22.62218190,-13.81816173
17.11971128,-23.09981490,18.06670748,-11.66541460,-77.87344476,-21.75086488,-55.20158561,-31.72120542,-19.88043676,-17.04324809,-35.29721426,9.38990033,-12.34030001
18.32093335,-24.75622929,9.74442916,-7.72566156,-85.77520367,-24.08428686,-41.61515137,-46.08683220,-15.18286551,-13.24333016,-31.26798162,15.00600903,-14.29462315
18.70835676,-22.35555346,4.72668574,6.55157226,-75.90171092,-36.22875981,-23.25960678,-45.46016197,-14.59733216,12.42451293,-26.25073240,17.94066567,-16.34486205
17.82109244,-19.80176911,-7.65614298,2.15710286,-69.86418666,-53.38429596,-26.84676763,-38.20389873,-28.16627143,7.61280307,-16.79056451,1.55230783,-21.51727080
17.23406855,-12.87874815,-14.07672669,4.75123267,-51.88773759,-54.39403937,-28.16246024,-22.08835504,-21.50756147,-1.14006877,-1.34267289,9.30153142,-27.31042093
16.46984153,-9.74652219,-16.07420318,-0.09547510,-43.97917437,-43.96441502,-43.78754478,-17.61702220,-8.74938319,-10.86029481,-4.33408725,13.59652184,-19.69783047
15.84094162,-8.62224708,-16.20070260,-2.72026530,-45.52730729,-28.58218011,-57.10577528,-25.86449350,-8.07932976,-3.74409143,-16.81577515,-0.52099744,8.67394321
15.42351534,-11.51685131,-8.48364227,1.21029901,-42.43917532,-21.47539865,-65.10132041,-32.07373280,-5.45604554,-4.53492302,-19.63532665,-9.09758464,18.34425423
15.94012617,-16.30719834,-5.87160827,-1.30834678,-51.78438016,-20.81775927,-75.60794913,-30.24618363,-9.52484038,-1.23244283,-27.48651491,-10.99860926,14.08143698
16.36527953,-15.99978018,-9.97274094,-5.09451296,-57.04050961,-19.08480372,-83.59599993,-33.16923701,-20.24822563,1.18051156,-27.96008105,-22.63677461,11.16090953
16.56362800,-11.87095144,-2.48433733,-2.84276354,-49.65169137,-3.98499886,-75.58233176,-22.72093335,-18.38791609,12.72949927,-17.51460992,-22.32590401,20.42940574
16.48005229,-9.13397309,0.88177378,-4.73514192,-48.34797224,0.12919295,-76.21031459,-18.95795681,-24.69549729,17.74178111,-17.55265519,-19.69809709,20.46164093
16.36821373,-8.00441154,-4.17463002,-11.61426633,-49.70664283,0.83857105,-73.77540673,-26.01614623,-28.72993161,16.79704308,-12.74883827,-20.88297430,19.33150581
16.79962910,-9.94410304,-22.50852316,-37.78711210,-51.81117080,-9.20351739,-65.70619297,-30.04403301,-26.62210175,1.98810257,-13.99754925,-17.73799630,10.13470483
17.77902546,-6.86020275,-27.75066875,-44.29769854,-32.55628514,-2.91209420,-48.76381507,-11.99136007,3.27466880,26.94439204,-15.48475406,-7.83175147,14.53649049
18.57142325,-9.63883840,-31.99743622,-44.96818709,-25.07916685,-0.32348405,-48.59708085,3.79631463,-5.07801680,20.89656444,-39.68406454,8.42524309,11.36054077
18.30057219,-11.80425414,-35.29142847,-50.94751737,-28.11469988,-13.26006643,-58.14723570,6.27802549,-23.96518010,10.35627136,-47.44678414,11.97244516,6.51519116
18.96891205,-11.20747123,-26.91089883,-43.52169503,-14.53133126,-4.28162091,-46.40382235,25.38234776,-17.50052126,14.39986941,-43.38805971,19.83401285,10.16991253
18.30613206,-12.80417031,-30.34511727,-45.02533484,-24.49717335,-14.35227627,-38.91309900,16.51981395,-25.42726397,5.87427648,-35.61828543,22.68497751,-3.57227766
18.03696398,-10.10192591,-33.12382888,-45.12139721,-25.69795456,-26.44655541,-47.01996002,17.92137240,-27.39514543,-0.06971071,-38.97900797,26.81207363,0.04573858
17.08883288,-9.19301978,-32.61019997,-40.87632888,-33.02458813,-24.03318992,-44.02748683,14.24020862,-34.09395496,-0.37136158,-29.60766556,22.31247598,-6.83306592
16.28178740,-7.83748877,-21.24931414,-33.54589398,-19.04983990,-28.40682754,-32.76452513,17.67096616,-20.34129318,4.07981438,-17.25046723,24.18659752,2.44555370
15.81213521,-12.17045223,-19.08577305,-33.53001355,-14.33441807,-32.78265859,-32.78704536,16.16925687,-30.10506725,10.80173270,-3.12062694,6.13857374,-14.68763775
15.16682043,-19.39463706,-13.41570567,-26.06471462,-18.94827234,-37.60321861,-27.72562403,2.98856690,-26.72050363,-4.81415291,-15.17498375,-14.31622649,-12.06057751
15.78830673,-27.47113815,-11.07743326,-27.26550848,-16.96038553,-25.40574519,-15.54851998,-8.44557787,-30.58019360,-28.76966087,-24.33519212,-7.80606245,-2.42577704
16.12237448,-35.28208188,-18.94796855,-22.84810327,-25.27895225,-22.99658990,-10.30375456,-5.01756540,-19.47618093,9.23733614,-7.87289261,20.39861897,0.79898057
17.02463763,-40.48427562,-13.48470164,-22.29098494,-16.02319118,-28.45056433,-7.59642728,-10.55644706,-12.73854628,20.56561398,-7.03157019,-7.75841129,-3.33304348
17.47306027,-38.69688198,-3.08396735,-29.84041845,-5.24323100,-17.93838138,7.58138727,3.86225166,-4.07614799,19.66743720,-4.74249877,-10.06571955,-1.47447865
17.42066486,-34.22388141,-2.96150739,-26.27193936,-4.25762691,-23.98772601,0.05883278,10.62567213,-7.64032110,4.87980886,-1.19002063,-3.42260347,-6.63479467
18.27980665,-41.04438645,-1.27133935,-28.85935236,-7.17257053,-30.01068695,-5.85662291,3.79503488,-20.14536936,27.44392119,5.99945470,12.53950634,-4.04091798
18.79332240,-43.45800363,3.46479071,-23.99653112,-11.65049978,-35.94498476,-5.12996457,0.53610685,-19.47603379,23.85561334,1.62750777,10.47928090,5.78027834
18.71748316,-43.55300772,5.25898111,-18.76729376,-6.68140716,-40.23445170,-8.22408611,6.55476245,-23.72076831,9.88993678,-13.58613498,-2.13704359,12.33699270
19.20075040,-48.87698618,-1.65236678,-25.84809910,-3.95949179,-39.10666842,1.84586878,7.42358495,-43.89786503,6.26703698,-10.38965342,-8.29759932,11.24624698
19.67239419,-45.25799220,9.10785989,-23.87203423,4.33801438,-36.50106930,-5.08849720,3.82081295,-21.35268273,9.30437232,-9.15597598,-4.52666501,9.65995760
19.23853466,-42.61974682,5.55291943,-21.19577851,10.61442917,-24.83945897,-2.21764200,1.71340228,-28.50817396,9.59576074,-7.14355939,-5.38780765,6.37057530
19.92721343,-48.08668861,4.15324613,-29.21493149,-3.20368438,-32.26521779,-3.76642431,9.05475117,-26.87501459,23.67370264,2.36929521,4.33863556,19.83626737
20.16106217,-48.70108032,4.97224542,-32.12720014,-11.63971655,-30.48283507,6.09181961,-6.98397589,-36.84937984,25.70747114,-3.30678986,1.07690939,-5.35917747
19.57872604,-42.91705822,11.00296079,-17.40553355,10.07638398,-10.87432044,8.14884053,10.06889168,-29.60048693,22.40263723,7.55259970,-9.37840624,-3.27009580
20.10865017,-51.76777742,3.49827730,-31.21078386,-2.96647938,-28.90393020,4.99767975,7.27931369,-36.22431745,24.80885295,-4.68909601,-15.24412759,-1.97436825
19.26280074,-46.99440412,3.48213941,-20.21830221,3.43224737,-21.89247646,4.58215953,7.08902743,-26.53441560,19.31763366,-9.08305707,-0.53335417,-4.62401809
19.36342265,-48.37852680,2.22203710,-21.90619264,-0.43850977,-22.04649895,-5.59726674,-1.84058958,-31.91892618,8.34664833,16.27147864,4.94619222,-0.69084332
19.59788184,-50.09708948,3.72042812,-19.89205250,-4.93281027,-43.98053715,-14.80150035,1.95498941,-32.41947771,11.41990040,9.80780669,19.53117597,-2.38015654
19.21518578,-48.94151837,2.81996644,-25.53881882,-14.91803684,-27.38572432,6.42431837,9.00875593,-30.33171227,2.04478259,-6.25864641,11.82522016,-1.76031225
19.02691257,-50.06654040,-4.35068278,-19.85173647,-11.88938358,-31.16492379,0.96300121,1.97776591,-23.02648802,17.18387783,-8.64103390,10.36530204,-0.89513109
19.06520239,-47.89588504,-3.17281148,-15.86989527,1.01922890,-23.33431412,6.83452026,14.65254836,-27.00403988,14.84544431,-13.67674352,3.95785943,-15.28101670
18.90554040,-45.05669895,2.01902455,-21.64662407,-0.43321189,-32.60816241,-5.18401865,-2.88786006,-21.05605504,15.23269037,-7.41912986,11.10592376,-4.46965878
18.19161118,-42.94122436,-0.92968639,-20.45084809,-25.14647692,-37.10255648,-2.60184362,-17.27116599,-12.75934529,-8.14410316,-26.06749419,7.09902918,-0.40410308
16.97117371,-40.26386205,-0.84466419,-20.93998188,-18.30123396,-18.51727542,-19.55333138,-9.49910704,-10.39366198,-5.10048595,-11.20786856,14.76855563,7.41146056
15.25616542,-34.77442460,-5.65834914,-31.35694050,-15.98298749,-24.47272516,-17.54042613,-8.47205100,-16.35271404,18.04406190,-2.30367544,7.55227212,7.88519177
14.96494645,-34.12227888,-4.41845284,-30.53143529,-16.39514399,-31.63722498,-12.49406970,-9.74913484,-8.87221581,14.87787243,-19.47850662,7.31383436,7.22752516
14.08671920,-13.67623077,-0.29206509,-29.91600004,-22.78897773,-43.95390549,-26.44658977,-21.49544734,-0.32689470,7.95795871,-19.58218543,-8.53620118,-3.21429966
15.70422931,-2.22291929,-9.08520510,-29.61898942,-10.52339782,-45.03499276,-42.03211083,-18.11029260,-10.09656407,22.98519149,-14.54909313,-5.77308723,8.80940708
15.73324620,-1.40182854,-13.11951657,-28.96433743,-22.32113996,-45.34163551,-50.32516493,-23.15516829,0.35361220,10.02796104,-12.06165606,-2.90210998,9.50604307
15.87190731,-5.08850858,-17.57243763,-25.89686372,-28.74011561,-44.86186435,-56.38041017,-22.31879552,-4.45381397,-0.06482889,-13.12606339,-3.00200147,10.13372285
16.14909332,-3.41986194,-15.89290211,-21.70472405,-12.74971655,-45.33126582,-41.91894921,-16.94423573,7.84060433,-3.86867353,2.87732541,1.93667716,17.13571731
16.58826780,-7.41233012,-16.02177932,-25.29065051,-21.58294289,-59.01010607,-46.86358947,-10.69049401,5.28278277,-10.92776846,3.86639855,5.35011233,5.08853227
17.13786675,-12.54307086,-18.18847628,-21.48272947,-30.54059516,-68.60392576,-49.57605511,-5.44655643,-2.53455771,-21.27481502,10.31066679,5.15396735,-4.42669180
17.30944738,-14.09937806,-16.87185684,-13.97797593,-39.40417206,-66.70913006,-37.29486722,-5.64710444,-13.43763566,-11.68919486,16.59724565,-2.56689587,-5.86444475
17.50553836,-15.04988555,-11.02439425,-7.68486185,-48.08174028,-51.59037628,-25.28639752,-8.97880583,-7.79205374,5.07568002,18.32638515,-1.30048304,1.94878123
17.68770020,-16.46484678,-5.94740311,-8.03538817,-59.29532967,-45.70883767,-17.91099595,-24.98774900,-4.26145900,5.94209628,11.97255924,-3.67408986,5.08992679
17.63445455,-14.68046357,-1.78513251,-8.61373420,-63.93393493,-34.28128448,-21.41648141,-36.70290330,1.87917826,4.02461574,-0.80524568,7.35070445,2.70510719
17.89486535,-18.89679043,-1.79912637,-13.09551219,-76.80133652,-35.48689258,-39.81763628,-43.52266071,-1.72876766,-12.19572399,-5.83828598,4.53429921,-5.55657284
17.50856182,-15.61602370,3.00395063,-10.50978345,-74.16924206,-23.18535388,-46.76937156,-26.42099177,-2.52746574,-9.41627826,-7.42349453,11.16206855,-4.74883909
17.10327088,-17.55932662,1.86818488,-13.13477937,-78.87538261,-27.85346964,-52.73279389,-27.27024232,-11.94387652,-10.25927815,-14.44394173,11.68122166,-10.12091616
16.73662460,-13.73850415,3.97086481,-5.75263580,-70.23888852,-23.19446594,-49.49060571,-14.63619316,4.10523374,6.63754667,-8.89108277,15.09755565,-1.25177085
16.60285486,-16.26662923,7.81908324,-13.93524305,-70.55254003,-19.72634880,-48.89234167,-18.59942847,-3.36665454,10.39513502,-6.37321788,12.70776197,-7.68441387
16.46529724,-17.38531682,9.65984600,-6.86852341,-61.24551263,-24.02849410,-58.01836519,-21.81176435,2.99742090,12.19245322,-6.95932132,14.87231343,-3.12419771
16.64209761,-18.57607632,13.66775506,-14.73748054,-69.89796139,-20.22980719,-48.29107171,-28.13626959,0.83385465,11.66270329,-8.08306319,11.87899946,-10.25338664
16.62859612,-19.62181619,9.79433609,-14.96633916,-74.43128566,-22.44059034,-48.18164713,-26.69146377,-19.84080795,5.34659015,-11.18829566,13.88381395,-17.00651243
16.76053048,-17.66721777,3.51208767,-5.63255786,-75.19494155,-19.10269292,-38.14368883,-41.06815166,-12.81402433,0.75845373,-18.35503036,23.43482438,-13.10464340
15.92073478,-14.92229806,-4.50914265,5.65245127,-70.96169601,-34.84021816,-30.74295258,-48.64226609,-20.74648720,-5.83248350,-20.91959204,10.97364680,-1.99832447
13.22861127,-10.97448835,-3.09501423,1.45334603,-52.41993811,-34.76472759,-23.02447401,-15.83095263,-15.99980506,-8.75311416,-11.67036774,-2.25812097,-7.21017896
12.40390586,-12.53298084,-5.66957758,-7.36726468,-52.27799336,-34.56105398,-30.89558093,-19.15760386,-10.25191368,-5.51373958,-8.22875242,-5.45247237,-1.76546849
12.12088514,-17.45801183,-9.92144474,-11.44192445,-52.23250493,-26.34078536,-23.56769865,-17.28412542,7.05724172,12.72247815,-7.37718829,-4.28690244,-0.06295237
11.48223468,-20.34174342,-9.92800023,-10.83218746,-43.63590735,-34.82878839,-30.77691503,-11.13798673,5.60383824,10.88282697,9.73194719,-4.33579062,2.85441752
11.35859248,-18.78224962,-11.57266022,-9.31481025,-43.72607655,-29.18316538,-29.75140303,-20.38408291,-10.69986831,2.07330021,1.76554471,11.43084097,12.93191479
11.45570597,-17.54593990,-7.36589029,-5.48685191,-47.88149664,-35.95723288,-31.66474246,-13.42165852,6.72644417,3.01171737,3.28702356,9.71177812,11.52613354
11.12067339,-16.43662118,-9.66573553,-7.93457756,-38.95001087,-19.01596263,-2.43948865,-14.54891684,-3.67405349,15.60362857,9.43461750,12.28981911,-3.05176553
15.34729744,-32.25446102,-21.47000926,-13.37800004,-42.06755438,-28.97271569,-12.87329111,-9.16455471,-29.62669780,5.87751235,2.96495955,1.05129895,-7.93165842
15.52851182,-29.38136149,-17.61328608,-7.49398701,-39.60924516,-31.70410169,-23.02032609,-22.67528081,-33.57362467,2.57199389,-2.06704789,2.34707323,-12.27063470
14.81741625,-26.70871377,-13.91411693,-4.67677936,-63.10207099,-8.32949248,-17.08013586,-19.95561273,-4.11325803,11.45330806,-2.47326687,14.78017606,1.76891168
15.17586280,-35.57176076,-14.25051404,-10.72656657,-62.53985303,-8.10938562,-16.13382611,-7.45535600,-7.26663128,-0.29231210,-3.94988034,20.27430451,-22.52393067
14.87963645,-31.33022997,-4.39834006,-15.57124691,-54.09016451,4.71215823,-19.52838822,-10.85159675,2.34973028,1.80552404,-25.26788222,20.53523724,0.14860091
15.20893046,-35.41311966,-6.86666730,-11.52585082,-53.98091381,7.60869089,-36.93068869,-17.07169871,-0.06324726,8.24099580,-13.38357666,16.77939702,-3.58641185
14.75890394,-33.35595169,-4.85750842,-11.64730110,-59.14987603,0.55770996,-23.70079026,-1.93027575,4.38153617,22.30054482,-5.82907210,12.01440467,-9.12283370
14.43581713,-33.66229184,-4.91385177,-13.47870089,-58.47632210,-17.12120783,-29.44064651,-12.36299633,7.91094582,22.73833685,-12.34153881,15.60235830,-5.42085012
14.49549591,-32.54377172,-4.99710493,-15.12158599,-55.11903798,-1.21804491,-29.27772518,-19.49260034,18.31874872,31.81929763,-8.08989399,17.53801536,-16.54228313
14.49146552,-23.68348665,4.33775037,-12.08712019,-51.23104521,-1.65060128,-29.16495491,0.76007801,3.45899434,12.79658226,-14.86056912,20.39916298,7.84403234
15.23376572,-18.43868804,-1.70266891,-26.06879709,-74.33567506,-22.59089926,-46.12428159,-28.88945828,-9.52028875,11.06436405,-7.85383332,17.53307462,-4.27055075
16.00546119,-18.27431190,7.02591761,-18.11730003,-70.11259577,-21.61893938,-37.05920896,-24.24874744,-15.27244040,9.23162015,-19.88773894,5.76680797,-14.33944016
15.81389731,-17.34394560,13.08242093,-14.66424796,-68.80375102,-18.96288150,-30.68659030,-16.41933917,-10.29198810,6.89444428,-24.25395647,4.27869717,-7.04158324
15.53903238,-16.58685932,16.57650465,-13.93274263,-64.47405448,-24.70373194,-36.52676180,-10.89019535,-2.72966398,10.39597121,-21.78061304,8.27858083,-16.92025689
15.20242163,-18.04045240,11.75127115,-21.19638424,-63.83569566,-26.63318539,-51.04089678,-21.95605449,-5.98005972,-3.33361303,-24.47360824,1.95049550,-15.81074530
15.03385872,-16.28052986,12.14683195,-16.71581140,-71.83587907,-21.81276045,-53.42281386,-23.01032223,-8.00193488,2.84344639,-24.04603427,-0.14975205,-13.06955486
14.80978923,-17.23148310,11.78155311,-20.11410857,-65.68025615,-19.93939839,-46.37218121,-22.35446088,-3.81549350,-4.75077459,-30.36809734,2.82548597,-15.50689488
14.73750928,-13.97648683,14.47649560,-20.16716665,-63.83599841,-30.33179865,-32.16545231,-8.95760304,-4.96873836,-2.79889749,-24.44829388,20.49053460,-16.58296503
14.96876257,-16.18027142,11.97067874,-12.64239597,-66.61732422,-22.26289896,-27.33088348,-16.36930408,7.23136180,2.12861363,-18.56706749,17.57679449,-24.72163649
14.71195039,-14.63327166,2.23695901,-13.07792449,-66.51601244,-29.13448059,-34.07564193,-30.03534139,11.30469932,0.79466689,-17.08572649,13.75504514,-18.90427180
14.84102713,-12.81967444,8.71902030,-7.35341038,-69.37332821,-25.14196829,-23.54707972,-21.38970242,20.55136153,14.39607411,-13.60498079,18.92641492,-22.16657879
14.90230684,-10.65102263,-2.84499362,-16.11708884,-65.21807209,-31.65121908,-16.35776057,-20.81751709,15.91822777,28.04871719,-12.38873624,11.65989597,-16.50755672
15.35087698,-17.45874114,-3.05032830,-10.73566503,-64.65170413,-40.75215889,-8.78769732,-4.85366213,-1.56874747,47.40328378,-13.54537559,5.98438312,-17.51340203
16.60253062,-26.33749480,-0.28557016,-9.84695077,-39.90777767,-26.83508334,3.58090858,12.33386920,-37.94120194,41.28204556,-31.01007887,17.99072836,-9.00582004
16.86276225,-29.15344898,-14.13400777,-2.51857870,-75.18079846,-22.80102640,0.50416323,-8.70358826,-11.10291751,9.52001530,-11.56133493,10.19627631,-24.39245817
16.41193189,-21.91985887,-30.48105126,-12.22973243,-73.46778161,-32.95215936,0.76590640,-7.81938936,-1.24507878,-3.66213510,-14.88706539,7.27972869,-27.74108417
15.13931322,-9.16039614,-27.10203337,-8.50609806,-50.28376767,-40.64111458,10.51970628,5.41904144,1.38777054,4.32661781,-8.61882861,10.14017599,-22.85312848
15.54993905,-8.84069586,-28.65019421,-7.27581977,-45.46208917,-54.17207498,12.23704159,11.29489440,-0.14764009,18.73449332,-17.35739426,14.77597661,-27.09240915
15.51045488,-6.95107024,-30.62556654,-11.13244047,-45.85850310,-55.56187562,-0.68407670,17.92877604,1.52094018,24.29331350,-23.63821869,3.93688646,-10.10687450
15.70236272,-3.07390347,-42.83232587,-14.10574225,-42.07356950,-54.17031448,3.09569326,16.71282965,-7.40032995,6.33324629,-9.66381944,0.23357757,-3.32694820
15.53383453,-2.08463736,-38.40771798,-17.64201055,-24.89163362,-60.60151903,-8.22340095,21.62233883,-1.19474366,-1.53111557,-5.94237552,3.53007952,-14.56797507
15.89998997,-1.35058540,-40.88159766,-10.98463552,-19.76924218,-66.81012083,-8.80772858,21.52831688,-1.32686068,14.27099274,-10.17960432,2.27791056,-6.63607619
15.67927130,-1.57416048,-45.57598633,-22.13034535,-26.85304118,-66.11297153,-17.77727762,13.60403138,-7.88467980,1.97407550,-17.54287116,0.37506602,1.48183537
15.65421406,-1.09224308,-44.64437981,-13.01676200,-15.85997538,-56.87237946,-21.47531573,9.46973800,3.02322921,16.69498348,-2.75447831,-6.72209562,-6.56302442
15.65379837,-2.51386560,-47.78237473,-17.89355731,-25.83551707,-65.58584742,-28.33839800,15.18926546,-9.44536440,2.01478180,-12.41748359,-6.66637612,-6.25734005
15.26151831,-2.47100956,-41.31941933,-15.26890358,-22.60726136,-58.95681801,-20.85275454,9.07478619,2.42568277,4.15785665,-1.39416395,-11.51365754,-9.74755875
15.19443598,0.67421850,-42.39156057,-17.38754200,-20.36574330,-56.55360013,-28.07883875,18.37294685,-2.63056999,1.08039419,2.37559434,-8.33356619,-6.98658153
15.14501666,-3.67494993,-45.50881293,-17.82001023,-21.70570240,-59.49363881,-26.83752096,14.63793312,-3.46568858,-7.24992240,2.54549734,-0.45575565,-3.32397256
15.17817680,-5.44929335,-41.66910774,-14.87410267,-23.16822641,-55.65844119,-13.08500981,29.63736775,-0.11988196,-13.95076563,2.45241892,-6.43364333,-11.05379773
14.92259008,-2.66574826,-45.46843701,-20.96514794,-23.86205159,-47.33607629,-18.55149192,8.56158871,-2.36345452,5.30056776,-6.56592616,-18.16791944,-1.00938852
15.00585427,-5.44744726,-45.07161046,-23.36984012,-27.19055802,-58.48419821,-19.18571330,14.58322095,-10.72285170,5.42563835,6.20557110,-1.97128472,3.92925927
15.51030932,-5.32456790,-41.16589100,-13.92723399,-38.15202913,-75.45864305,-14.78891477,12.68828647,-19.35414245,10.60124064,1.64080305,-8.61229015,-5.97098667
15.60578078,-2.45458849,-40.00063024,-11.24857950,-27.07343251,-72.82439288,-14.15029603,18.35470848,-9.14511200,8.65289146,-1.53496449,-11.13879516,-11.18178587
15.66569966,-1.38845519,-39.36256437,-12.83677908,-22.70742841,-76.99644576,-15.00310650,15.82731858,-7.74742562,17.66025003,-8.09637217,-15.79222139,-6.32902358
15.58850115,-0.80618218,-38.50976231,-6.10862595,-25.75098374,-70.24106042,-6.14347045,18.11928462,-13.33204800,11.66045836,-1.37767083,-11.31022639,3.44734313
16.04244445,-2.42369576,-37.35677107,-7.13970917,-34.06279578,-80.70849307,-1.83906419,22.62641857,-24.91651039,11.56525276,0.79556797,-1.32326165,-10.62105984
16.33484747,-2.23719665,-37.53016028,-2.08587947,-34.45658998,-73.51443440,-6.02624406,30.74438120,-25.93884937,12.90000706,1.51872752,-6.99954240,1.41435234
16.49259275,-1.31003807,-37.85042363,-1.73453501,-33.23470654,-73.13867584,-0.62563906,26.21589223,-25.69704552,12.26539374,8.73571388,-12.01961468,-4.64767578
16.15714953,-3.82196638,-32.71023576,4.81482110,-31.24907504,-81.00061456,-7.81305728,22.16437818,-14.00642604,9.40027029,-2.37170768,-14.21163345,-4.83246765
15.70460296,-2.85994834,-30.39605795,0.50714279,-37.59064133,-78.81454538,-4.62933299,10.02470825,-11.48208963,17.65822904,-7.40010429,-8.69665859,-7.67391632
16.01087392,-4.14950530,-33.41816319,-1.18559220,-48.18380681,-83.23221121,-6.00823123,-7.58206156,-24.54041893,13.32815707,-1.40447630,-26.18836212,-3.91655412
16.56175563,-7.25009985,-32.27579959,3.89400994,-53.14597387,-80.09471030,-5.24522603,-7.31896066,-19.46876860,25.60648573,-4.86559341,-25.13351979,7.90726552
15.69048277,-6.89839313,-19.63574469,2.89615641,-47.07358068,-73.01238908,-4.06419603,-9.78609421,-22.10999960,37.14780845,-15.16883356,-13.33388530,3.10656476
14.63074327,-8.59924031,-14.29832842,4.26403060,-50.31208891,-73.27083396,-15.27091415,-15.08120776,-33.67408564,33.45129876,-19.46190347,-14.34067759,-7.39645054
12.87764798,-6.60917831,-13.13424908,4.32449009,-32.67313332,-57.76110004,-3.35518713,-9.50530721,-31.99436942,14.83647754,-19.44953293,-17.47097678,6.08564988
12.40978396,-8.30981646,-16.12729384,-0.88595212,-40.54764233,-51.34409403,-2.75391402,-10.21486012,-24.65081954,9.25971377,-0.38154746,-7.84742770,6.12071629
11.47175705,-11.20127603,-11.08525565,-3.23940452,-29.83811313,-48.08490846,-7.71857244,-3.49375721,-22.28661867,-1.77164477,-10.09242096,-1.13892034,-7.99687917
11.53977765,-15.21608382,-15.72218019,-4.06479693,-31.89938896,-43.50882172,-3.50725674,-1.18258773,-17.15429942,4.32565053,-2.18610606,-2.52340032,-1.29945318
10.71864920,-15.74685143,-12.00093451,-3.45401401,-28.63500800,-44.38151557,-11.49355300,-14.08865030,-10.26493082,19.84215921,3.36860801,0.60012782,1.21443471
10.82109226,-21.16677031,-20.78222356,-12.06659437,-35.60492837,-37.20346273,-3.74209382,5.67248981,4.67263535,24.89198601,15.28910002,10.75086285,1.64955674
15.99186725,-32.48928019,-36.65491388,8.25010080,-41.50690448,-12.97636356,-13.21934267,-21.53815993,-5.36122573,10.74973698,-18.40707839,12.59117150,-6.05000206
16.59327156,-29.90053212,-25.02588481,12.52830961,-39.87026431,-11.81513991,-14.63673261,-27.93616404,-11.65761939,3.97921262,-38.00762457,5.63912982,-10.18078283
16.50100619,-42.41206463,-4.49902720,5.64624449,-50.63690726,1.53113220,4.09496015,-1.84325637,-19.40293086,-2.72457753,-29.95480304,5.43781473,-1.70023074
17.12865075,-41.70016908,-1.61533903,8.43665278,-50.46433044,8.83990768,-4.51771202,-9.38147414,-10.52521430,11.17724526,-20.47264765,7.05113542,-18.98568190
17.54376685,-44.87481183,-5.58252971,9.35900989,-40.83197733,3.24747140,4.99967533,-12.24453985,-2.36854561,4.91593822,-20.85145626,6.09649680,-6.16689379
18.65603516,-51.33811294,-6.80740090,12.32055798,-41.56992146,-1.77466928,-11.20837063,-9.70017219,-11.84234466,28.64238564,-6.97567355,24.22808702,-5.94858158
19.22267602,-49.06942913,-3.26969539,22.60595487,-51.13164704,-1.64649129,2.59130084,-23.23359112,-21.19841334,17.76266217,6.29053067,23.73511732,3.03524013
19.89690072,-51.06580225,-3.67659477,23.36854424,-52.38982474,1.70832084,-2.83065861,-15.40635932,-12.51243769,-1.55257361,-26.86065339,13.08949704,-2.78309613
19.96580240,-50.22659026,-2.75384965,11.97807098,-46.57569402,16.54574529,1.68966952,-9.52966336,-3.61031562,6.75914443,-27.45156189,9.93916849,-14.45085474
20.53584100,-50.70961648,-0.58543972,16.99563039,-44.51427843,23.59537202,12.20488125,-14.72378565,10.19146144,2.27739022,-27.61092800,11.21595682,-10.63159011
18.85662064,-49.25358341,-0.01650102,20.29911525,-40.41475182,20.65416551,-3.62298967,-6.64795420,1.96328959,-8.75033598,-16.48562930,5.77292842,-20.22091187
16.09768820,-44.98048477,-6.11972730,8.78479350,-29.51155118,6.48709664,13.75693978,2.59463752,-7.80898679,-1.60049712,-18.41007143,18.34328277,-8.56419422
15.30603441,-37.56788986,-14.32214209,7.55210562,-41.83707924,18.08631244,-23.74498568,-3.01634479,2.53047796,5.19358011,-8.40728995,4.59759519,-9.45715047
14.06416329,-34.50350895,-6.70750959,7.40601991,-39.39239566,1.23897599,-15.19225145,-16.07455057,-1.17214970,8.44110648,-9.61354682,5.03218971,-4.16631762
14.68533466,-38.87505206,-21.91533400,10.43341218,-35.42251931,13.97395595,6.52922068,-2.79273460,12.25975564,-9.22063642,-23.26659696,18.67297217,-10.20176869
13.90822705,-35.26877635,-20.17660604,6.92078419,-41.06050671,-14.66308128,-12.57418875,-6.89708165,3.12260092,-8.01794785,-12.08614666,33.85515130,4.97004311
16.76106087,-38.99612530,-16.33079986,-15.27798034,-31.83393604,-2.22175931,-26.74370564,0.43552472,-18.27377982,20.50824588,-22.65664148,5.03602125,-16.18343176
18.38768836,-35.83511473,-14.40103353,-31.56295974,-40.36386141,-16.53716017,-25.93502720,-4.05372588,-38.95451138,17.80691080,-30.42842661,1.58829375,-14.76860494
17.48184707,-36.64799649,3.24887441,-28.39964358,-32.69452012,-13.76226960,-5.62244803,-10.82732658,-12.71819056,23.12821436,-14.20472801,-4.56198418,-2.61356721
18.09567705,-46.84003192,-1.80378764,-15.49279281,-33.75713544,-15.21473632,-13.89822912,-11.02566655,-14.53892506,21.78488934,-13.68282387,-3.71102008,7.44997746
17.31256030,-38.10227791,-10.36150371,-8.70539775,-35.16284852,-3.69065195,-2.85722411,5.12921049,-13.26889516,23.69698886,-9.29587260,-26.83026823,15.20484693
15.78235873,-31.41642364,-13.28602910,-1.27779257,-30.94690824,-10.89465942,-5.87817135,-9.16297602,-9.44577595,31.63577093,0.99315370,-12.47275239,-1.78731889
15.09358490,-30.96279939,-10.92807872,-11.52984075,-44.12454938,-21.35892066,2.48257104,-10.17279850,-15.55917080,34.73501338,-3.74216167,-11.82679302,2.62518752
14.36203994,-27.67151365,-15.19754359,-4.81124491,-43.12139220,-20.12074623,2.22228790,-9.51728753,-19.82511811,17.51867884,-10.82965739,-4.71245267,9.32618952
13.91533073,-28.94256598,-17.28370057,-12.00736763,-51.78116837,-20.62748266,-10.29057047,-12.70125847,-15.21348702,10.87183226,-9.29029531,1.39161945,4.86443756
13.46529457,-29.70422691,-20.68222611,-11.49125003,-45.53620983,-28.44854499,-15.43610738,-2.17350732,-6.46718584,21.75339760,1.86304992,-11.89092634,-3.57610200
13.08426663,-29.38726912,-26.56634000,-12.54118614,-43.16646973,-11.03408755,-5.61974038,-1.19823414,-2.68161404,16.75842672,-5.48388836,-15.94355447,2.91853118
12.52694289,-31.06356095,-22.65402722,-11.89662364,-37.04106253,-4.11196463,-2.88081238,5.92012638,-0.83509963,28.40003362,9.63497445,-5.35144981,-1.59049688
11.91604608,-27.37554597,-23.37944691,-11.30855225,-35.79843858,-16.34816396,0.23730667,-3.06653157,-12.50489406,14.34993695,19.03285384,20.29714634,2.57302619
11.89935222,-30.96550269,-26.93735164,-10.12981765,-28.98510472,0.66116173,2.92825049,-7.37080846,3.51063875,22.55729590,7.66565260,-3.39561658,-11.93225788
11.31298673,-28.95674373,-23.26508909,-6.82297571,-19.02206260,-2.12149541,2.01025202,-9.06031677,-5.38433765,25.20142283,-2.43114172,-10.26836596,10.01746789
11.22629620,-28.46374118,-18.51273439,-7.14797701,-25.57713772,0.60907877,4.16820294,-15.89815416,-13.85230638,7.96424408,-4.41131302,-6.04903361,10.26514324
10.90439737,-28.96655708,-18.25995888,-9.85459650,-19.63270228,2.16382626,8.10121693,3.63947653,-18.00674399,-8.83852869,-20.61860110,2.11849776,22.99091483
10.79419415,-25.39311050,-18.86264692,-11.59798521,-25.23596343,-6.13713664,-3.48269969,-5.15151447,4.63901481,-1.49739637,-11.37843020,-3.16228899,9.13682071
10.78766586,-27.97528868,-18.06736512,-7.75574643,-22.96229746,-5.47649179,9.39521691,-3.05327153,8.21800927,-10.59519255,-11.62295932,7.33638426,7.12114942
10.65654986,-29.74324980,-19.28896071,-14.81527452,-25.98118456,-4.75651387,10.03743686,6.64074587,26.20059506,16.30739072,-1.19093712,7.91829046,16.38791499
10.43777809,-27.18763720,-15.86985442,-13.52657905,-21.44818670,1.41234640,1.14102942,5.59114850,9.55677312,5.07734084,-1.66037720,6.35246945,6.22691740
10.72542023,-30.79219044,-16.77304713,-11.87844332,-15.01388308,-4.29909444,0.80318336,2.62015072,4.02621373,0.69296389,-11.20148537,2.30380224,2.15087578
10.54598008,-26.29655254,-13.92246244,-10.53560749,-11.91817486,-4.46351718,-7.95329861,1.31605968,8.35404060,8.22730831,-15.76863674,1.26986441,14.18056750
10.68504471,-29.31451315,-11.76582032,-1.44389399,-18.93919618,-9.54290004,-2.75618561,-6.18572477,6.87445908,9.41874935,-9.43001875,-3.09787728,-1.71966327
10.35815961,-26.53218870,-16.23430832,-10.73914356,-21.93805158,-13.08720106,-10.67651394,-5.62261130,9.92269066,15.39309939,3.28560983,1.09327946,6.15303299
10.22941331,-25.32801384,-17.17333981,-10.35544345,-10.96858941,-6.90882138,-1.34645847,-5.75897983,4.27257376,10.25684584,-7.33563950,-1.53709847,11.56212760
10.35726897,-24.94614908,-15.32174750,-11.15978423,-19.58174725,-15.42757651,1.41965858,3.97064544,6.78907255,6.46995162,-4.47124676,-1.17250260,3.39275139
10.35290125,-24.62925592,-15.28564260,-16.48021938,-23.13513859,-10.50233637,-3.72678951,1.31536359,11.71171660,1.60366451,-14.84269176,9.56324849,4.30555936
10.26866405,-26.33625134,-18.97731904,-13.94465306,-20.18090378,1.47853482,-0.19955858,-1.36253855,5.31467830,6.72738829,-6.75174515,3.12224315,10.86852399
10.54382941,-27.54731480,-11.44335618,-6.83942159,-17.43487752,-0.73186541,2.29736259,0.65090974,-10.70092989,8.45614128,3.78869287,5.68879268,11.30613493
10.17212999,-26.29536887,-17.66487644,-13.59108067,-20.62640398,-0.44257103,9.61027355,12.70688891,6.25936551,1.46838976,-3.77592177,3.68161140,9.29300758
10.54093762,-28.94511312,-15.74217669,-15.30554814,-22.64937327,-7.80161700,10.30344552,10.33352332,-6.74618435,6.60121612,1.71916018,13.31387117,18.26783265
11.07275585,-24.87483634,-21.77587494,-18.11915403,-28.59353326,-4.97383778,-3.18193435,-6.59172935,4.15610334,6.65041263,-17.35563703,8.36465269,8.84197880
10.90710942,-22.78030476,-24.73379409,-16.61959558,-23.11149291,-9.26277711,4.12740118,0.26501481,-2.52923075,9.40780703,-9.37958207,11.69817507,15.75927729
10.53759130,-23.29456831,-17.02469569,-23.13219010,-21.56711586,-5.28233722,3.41573100,4.74886764,5.61327621,6.46986544,-6.21101050,-2.35153135,8.50102258
10.17249839,-26.39807143,-18.62527797,-14.00149979,-16.42806069,0.93303805,-0.63095875,11.22373417,11.65758460,16.20316072,1.34062356,-12.83986063,11.14812477
10.37332041,-25.81236649,-17.76480577,-8.89175738,-13.52439695,-6.68694125,1.63508688,-0.92899875,-5.62951837,7.67404401,-1.17792844,11.47202940,14.34505763
10.19096359,-24.26816068,-20.07353181,-11.49545175,-14.73641738,3.56405984,2.52639515,4.67830607,6.34753036,16.32714325,-9.09371438,-5.88590319,3.79595821
10.22037663,-26.19610682,-20.75271970,-18.52082250,-10.89371698,-9.45494756,5.04954705,19.18904392,16.82583921,30.70852703,5.02388842,2.51319432,16.22668359
10.32600130,-25.89747536,-17.39629487,-16.99533932,-24.85347610,-4.40340355,10.80109140,8.68658431,-4.97512677,3.31952820,-6.88183842,-1.42130882,15.81320887
10.16008023,-26.41013191,-17.46684059,-15.88417521,-10.51814099,3.33213984,2.52113208,-1.80377909,3.41568954,3.29033524,-6.78071957,9.35613773,20.50410707
10.19792203,-24.66471059,-14.22356964,-12.45938640,-22.70155586,-12.00493139,19.55425522,2.35494932,-3.28392170,0.91774777,1.37166526,10.73409827,14.39121663
10.08316020,-22.46074208,-17.20911364,-12.39426331,-11.98098045,-2.99896810,1.22338704,-3.09323217,-4.45339379,8.67108253,0.39576937,1.53851959,21.24891314
10.43810092,-29.53671855,-15.98918050,-17.25898510,-17.86981965,-5.26372402,0.92350868,6.32449476,-3.53438014,4.45285459,0.84018826,4.26991899,11.70516379
10.23326311,-25.18594483,-10.27696646,-9.51950663,-8.11369617,-4.49155499,-8.45893206,2.33839566,-1.22975514,4.22448736,-5.27203787,-14.17652698,4.45465092
10.30858729,-26.82041495,-15.30295948,-10.09656196,-9.16700510,-3.87016338,3.22809726,0.25260591,-6.66391275,9.10079151,2.29481257,-0.82355832,12.39534458
10.14465024,-22.75903222,-14.82455178,-11.49878085,-14.96940802,-3.28510244,7.19130822,-0.80767785,-0.55473332,-4.63989802,-5.61505041,4.87795891,-1.47635071
10.24024776,-26.78345820,-14.35351803,-21.37058789,-14.18217725,1.90275957,8.58058083,8.94711121,10.16173072,3.41518184,2.31947451,7.54342222,4.15438489
10.27384517,-28.24222489,-17.98141085,-17.20737099,-15.87346566,1.30497693,7.18093496,16.50537610,11.65008766,12.04464609,9.50951174,-6.55678768,9.48594334
10.57274359,-28.65315240,-14.06967030,-13.43829372,-23.18522327,-6.29162629,-2.33214129,7.26866946,-5.19979731,5.15824974,1.36329548,4.27805613,1.18593520
10.38865306,-27.19118813,-16.71530399,-18.33234059,-16.27043235,-3.61271372,-6.11334948,-0.91715093,-2.61845911,2.55139229,8.99575886,19.59347845,21.06758533
10.29084773,-25.30458238,-8.44546775,-14.21952173,-16.75959959,-1.43287964,-4.04468334,12.63990859,-0.76902030,1.79710801,-5.30707353,2.56924375,8.27711842
10.37422421,-26.18384102,-8.96161586,-10.97900114,-11.24228745,3.53027743,-10.72556557,-2.65024838,10.23344091,1.72114925,-10.79308925,-1.19947478,0.46830482
10.07894649,-24.59610469,-13.65077307,-14.26571627,-14.74685435,4.02309009,-18.78936076,-1.18422395,6.92374125,-3.55521511,-0.86531784,6.12778260,4.20582174
10.30353472,-24.44101748,-19.74487970,-18.61892594,-16.43507859,3.00637460,0.82725063,-0.89903059,-1.52190078,1.81574789,-15.75266795,20.32642052,18.09960197
10.42382058,-24.83737132,-13.07903669,-13.33369166,-19.95037408,0.95654945,-1.16664185,-9.53720004,5.45193337,5.46690902,-0.00588687,7.48758225,7.71655300
10.39828459,-24.63740606,-8.14903771,-15.94178331,-21.93291721,3.37243949,-9.54774418,-2.67683893,10.89858195,6.13445569,6.94428506,4.75089104,-5.26171099
10.39203816,-24.69546122,-11.42257318,-17.00461126,-19.59957028,17.21442098,3.27892445,-2.87091008,3.48295929,0.85769129,3.53026091,0.00529205,0.98484485
10.57342862,-28.01515484,-7.85013286,-9.82912862,-19.53624294,10.06862425,7.36510935,-5.87924992,-9.79998795,3.21392916,0.56480233,-1.51484497,-1.92044980
10.27446470,-25.91458248,-13.67319635,-5.10060406,-14.31442112,9.00807550,3.18892577,-7.23219414,3.28691401,6.33338767,-7.98553616,0.47731381,13.63031475
10.44186396,-28.77789654,-16.62128549,-9.71032327,-12.63140214,10.81260691,4.17059601,-12.90168726,-8.55700901,2.20134201,-7.41128516,6.08890800,5.89605600
10.38750311,-28.54204117,-18.73641712,-4.42605295,-14.38614613,-7.22558375,-12.60920175,-7.00568759,-0.74339667,4.27292272,11.29221905,4.73660240,16.28679145
14.09739641,-36.80587730,-16.58200097,-2.68959798,-15.68354778,-21.75885501,-16.53715199,-19.72115022,-6.64689311,23.93411443,-12.23589891,0.77394778,-2.45298539
14.84479436,-33.91189612,-17.40653285,-5.00964531,-21.39410353,-20.88034931,-12.02079766,-29.99785977,-14.03985653,7.82614626,-27.20374817,-3.40778196,-0.19000237
10.79594290,-22.95012466,-15.87372261,-6.05277275,-3.61896038,-6.08052196,-22.48936341,-0.55007807,-3.29156720,-3.91621575,-5.36481947,-1.17232252,-10.31402391
10.67867338,-29.77765782,-23.78294451,-17.06793690,-14.41131512,3.86591809,2.04851395,13.68335316,15.52274689,9.25183307,3.24833134,6.44029036,-4.87079013
10.34567760,-26.07170880,-19.40581383,-10.79805063,-12.41631050,-11.59220211,-0.90743955,4.11493043,-5.77439700,-0.27695135,-1.72046800,21.74614718,8.75790197
10.20314663,-23.21441827,-15.42444837,-9.65152738,-22.00930107,-7.03263810,0.77410187,2.66942090,-1.41026315,0.36514512,-5.02508424,7.79371259,3.29997884
10.27192372,-24.99691518,-12.91067568,-8.33797097,-15.65461569,-9.91495062,-3.52609450,5.72341002,-4.81000667,2.01158252,-16.14568084,7.14455829,16.15465632
10.45058393,-27.00646010,-15.20689306,-9.51286937,-18.18006195,-7.83498864,-4.66667686,10.68672621,-0.24291674,-3.97970084,-9.53949609,8.55023113,8.73756241
10.42536568,-28.36088927,-13.54872316,-7.12044720,-13.41769627,10.24063239,0.78061934,-1.23794838,0.98500859,-5.31898771,-2.15321592,0.92768354,10.43923396
10.23964579,-27.04986636,-9.29287873,-12.21715807,-19.11715587,-12.10750457,-11.50518621,10.14413034,10.31405190,9.46619339,1.95618815,8.99771417,20.63705136
10.02007959,-27.49372013,-13.18638079,-9.38774138,-21.35945930,-5.43523140,-2.01977958,4.69525107,2.33329648,11.65277967,7.72281610,15.92577308,13.31489975
10.08945045,-27.96249726,-18.78956908,-16.04208292,-12.90295154,2.50268252,0.37550771,1.64453087,13.52348557,19.63533212,-1.42467121,12.80552283,5.86876188
10.19371365,-29.24387315,-20.46875836,-11.08027380,-7.85648702,-7.28730233,-5.28964454,9.63246756,15.44368881,13.95617687,4.09071183,11.20513810,-0.13331266
10.30363296,-29.53283078,-15.58915253,-12.10399563,-5.07824463,-4.31718477,-12.81774421,-4.06826929,7.88843804,16.94350521,0.37964400,11.19374113,10.77287208
10.19762942,-26.26436651,-9.87613189,-7.12685440,-9.05329201,-5.48820081,-15.38008847,-3.42741965,4.29082670,12.72542135,1.37560120,6.02510700,7.97534833
9.94677925,-26.82533625,-10.48241708,-4.68799678,-8.83768953,-4.84975720,-8.11420846,-4.67367518,-6.25179339,10.13908555,5.77912803,16.02550072,11.12829671
10.02072348,-28.04692675,-10.59790400,-6.05417629,-6.78419424,-3.17949334,-6.64344932,-2.10846664,2.28802282,7.54489518,9.69091985,10.80024492,6.77190346
9.74898402,-22.65139528,-9.36383703,-10.38906080,-7.45019353,-10.49696562,7.47833088,7.93115810,-3.97476857,-9.44086609,-10.14374760,3.62518927,-3.68505080
10.21496517,-28.88151275,-13.89512686,-7.29467219,-9.49971192,-8.92536800,4.00226582,-2.18189557,8.24576904,9.21952982,7.76596326,8.89988071,8.71192643
10.25788680,-28.36409987,-10.32169618,-6.33150651,-14.89838951,-6.78354461,1.84669125,-2.91416099,6.79716127,16.75721218,4.35598600,21.18041709,13.81170141
10.27948589,-26.31341115,-16.71471378,-3.58056567,-12.23587118,0.42417016,6.87412176,-13.18407231,2.72930212,-8.50565786,0.45764655,11.03454391,11.33470368
10.23318518,-27.97792936,-13.61491213,-12.70329467,-8.84614799,-2.68264446,2.49676202,-9.69423320,3.97744437,13.10816376,4.65869835,4.66969490,5.10953117
10.14897510,-29.49357608,-10.80235376,-12.34636801,-19.51307246,-10.59256243,-1.83002786,5.42530896,17.04134058,26.15781101,2.53993746,8.47303778,-4.27588001
10.23718157,-27.00690013,-8.24584272,-6.24275759,-11.28669030,-8.04925182,-11.92779435,-6.07317358,-0.57177314,1.66883479,-4.94862521,13.28855209,7.32241521
10.18748562,-25.98244506,-11.34709717,-9.59533329,-14.95801380,-10.48111644,-7.53031231,-4.61541496,3.03977299,-1.19306969,-4.79666456,10.68770574,12.91317014
10.46528500,-27.19126066,-10.62786180,-6.37112589,-5.07402421,-16.15741063,-10.80364213,-7.89692588,-1.00375009,3.35224013,6.13404150,2.62275628,1.83751281
10.32204428,-25.59216954,-11.09069196,-8.65931559,-7.06619392,-2.53182435,-10.49871712,-11.08645960,3.76519265,5.75667744,-1.24584259,7.90079705,7.39776824
10.51982500,-27.50095142,-13.47454426,-5.03367753,-16.87946069,-12.00639521,-2.90664086,-0.87331928,10.09744128,-4.36301641,-6.89404577,16.51592157,6.99647649
10.79785601,-28.72497228,-8.95235148,-6.31602559,-23.96619743,-15.19038246,-4.10176416,-4.99811620,0.36133691,-0.71691351,-2.42731240,14.20424156,5.72062998
10.64429413,-27.43162723,-15.08950850,-7.73803192,-15.53387978,-5.64898429,-6.14109978,-7.75307082,-5.92384911,-8.50654947,-5.61137483,6.36040201,3.75970557
10.94188181,-29.28550179,-17.94580850,-11.15441400,-22.78679071,0.21325152,8.91919729,-1.98075268,-3.36387649,-7.06934606,8.55234752,9.78577497,-5.52093340
12.03170152,-29.46776983,-19.75889911,-1.49574159,-20.59155423,-8.53838336,3.00316601,-4.57258117,0.74602858,-11.36527435,4.04658387,-2.11283028,-20.17015797
10.59596040,-25.02682558,-15.49292281,-8.34706236,-16.49301296,-8.43691354,-2.08556683,-10.00168005,7.24839759,12.07717623,2.71285081,16.22031932,-0.14441608
10.88185696,-30.44884549,-15.88684503,-1.01652429,-10.77771649,-9.06256536,-10.22747235,-23.64142344,-3.40330614,12.37973859,-6.25088887,14.67385823,-5.45885582
10.81855991,-29.10430463,-16.47897087,1.74585996,-2.62370289,-17.41183394,-5.30728345,-18.18007108,-3.29640892,19.33744172,8.64162732,15.48493811,2.81961600
11.07287627,-30.00636660,-17.08925751,-3.96191162,-4.48106684,-12.88818542,-8.24640177,-9.97144072,6.86741230,5.78049535,-11.17786372,15.49112009,-4.52804159
10.91702919,-29.38089032,-20.89340116,-15.13375709,-16.71936309,-5.24811881,-6.25495289,-4.56686630,11.92528020,3.43338343,-11.13491126,13.44700425,13.43255203
10.48758333,-26.44209696,-13.32484115,-9.35980405,-17.17011445,-8.19455308,2.19045694,-1.36060947,10.95388697,-2.42988243,6.41908629,13.13356203,-0.17484708
10.41322590,-27.06993554,-12.78272510,-11.45205772,-11.52903235,-11.14655002,3.55409102,-0.10457616,-5.74396140,-6.42349610,17.63082885,16.01507752,1.30668280
10.96569696,-28.38175480,-11.21434551,-7.68029195,-24.82432814,-4.56536468,-14.85746643,1.95827926,19.27325363,-5.62991065,15.55958224,11.54040755,-0.75768910
10.02868755,-24.23347210,-12.47229614,-18.70064261,-10.89173614,-2.36790902,-21.09315664,-12.32579010,-4.26081022,14.70704282,5.81007586,14.25543088,9.02104668
10.17765435,-23.56845641,-11.45967919,-11.90040490,-14.16093251,-5.82962750,-10.94829416,-12.26113832,-13.94870826,9.36761097,-7.39797863,11.29405837,-3.86995103
10.22671679,-22.83018869,-11.05738034,-6.18805289,-20.35465563,-5.79075294,-18.73238354,-9.24936923,-9.44088670,-5.81895383,-8.35627216,7.99066912,6.83988388
10.23334066,-26.51289792,-13.34493349,-16.07308992,-17.14492542,-9.18008296,-6.37840301,3.54550882,7.50590165,17.64978252,2.65398121,4.17583935,-3.76043876
10.00008809,-26.41150379,-17.69401277,-14.54938055,-17.52067067,-6.93094531,-3.75782022,4.13240987,12.60302313,6.99080197,6.11561483,6.14514756,11.12253292
10.24606248,-23.63292742,-12.73337124,-11.46450096,-15.75882342,-5.58525472,-2.08270396,-7.38462956,-2.35791813,-8.03374302,-3.32548018,13.23862355,0.85335000
10.77224400,-27.91436632,-11.70254430,-3.17432614,-7.11814165,-4.54155855,-11.03163436,-14.83547953,-4.31717317,-3.27884183,-1.02955646,8.28692997,-6.32988895
11.03570553,-27.29002092,-12.89515636,3.25341335,-14.74008146,-20.30985613,-19.21392620,0.77568377,2.77431713,-7.83225343,1.80471909,6.62155984,1.45590604
10.57527499,-30.15036961,-20.58359012,-8.96906567,-8.86011266,-5.49475027,-9.96299870,2.13087274,-8.62204611,5.57395078,20.98088202,16.35723369,-0.33807341
10.39768779,-26.63594762,-14.73961762,-7.24276272,-12.25848322,-6.14120155,0.33624513,-0.96930211,2.28357492,-4.22530278,-2.09321579,0.95554696,3.84030116
10.31016112,-27.74029686,-13.37946955,-3.24046131,-9.11124007,-0.40553924,-7.96262144,-4.89204433,7.14404188,-4.23959387,5.91149341,7.09065617,4.06078517
10.62529066,-26.26756306,-10.10460189,-7.62364869,-15.97227012,-3.97787084,-5.06078430,-11.52151783,-15.87205424,7.94561184,12.38784198,11.57394274,1.92524139
11.66461840,-10.03566898,-23.85447008,-23.60357499,-25.68700840,-21.13978320,-21.63781539,-13.32538754,-11.64175193,-5.42053566,-11.60569625,3.93374923,-10.12007461
10.73380445,-11.59095781,-9.20033896,-16.53172842,-21.21803629,-17.41538601,-26.60491258,-10.47983309,-11.26120980,-19.76601719,-6.11597786,-2.13496960,-9.76070870
10.38569501,-23.79173784,-9.15198658,-12.17452442,-17.42621089,-8.88460897,-8.43719095,8.20681203,2.50591193,-5.85865187,-9.81131421,5.22475100,3.66970605
10.16591094,-23.37629032,-14.87214704,-14.90491018,-17.19899788,-7.69680876,-6.20101950,-16.99893840,3.47912470,1.00114626,-0.40030790,13.09573560,9.42354700
10.40978281,-19.61220902,-19.36289030,-18.41023939,-20.20915407,5.06425097,-1.27443900,-8.79414679,-4.15873572,13.56075121,6.77777054,2.74633950,-0.84471021
9.94262949,-22.70576710,-15.45791214,-21.10028284,-20.26223394,-6.15066278,0.57142004,10.80863985,18.97901501,-4.47190728,-1.53240606,13.68625526,5.98783667
10.18460025,-25.08264383,-8.48524125,-12.94033395,-11.95382864,4.61829689,-4.52402801,-5.20692110,9.71096911,2.62671664,-3.86304594,-7.48117144,0.49041786
10.11421507,-27.23984612,-8.57355611,-19.18128047,-18.86107711,8.93045962,1.73740887,-5.29380920,5.11351466,21.84290951,1.86266657,-5.25912341,4.07026804
11.86344836,-29.08311293,-6.40004177,-4.25712227,-26.71253873,-1.72711107,-16.91430929,-8.81846758,0.59493319,1.23205360,3.81287345,-8.21500311,18.31793505
